method,step_label,function,n_levels,fit_order,fit_r2,error_coarsest,error_finest
tempest,tempest,smooth1,4,1.1788081938581307,0.9966905518200371,0.0009119713053463,7.8003388429233e-05
tempest,tempest,smooth2,4,1.076173604128598,0.9992094723488849,0.0009379645938807,9.940774181344356e-05
tempest,tempest,x,4,1.0612354846491647,0.9996501135437557,0.0026843385997908,0.0002945983148865
tempest,tempest,y,4,1.0663058589591954,0.9992993097917248,0.0027150824677552,0.0002943117537682
tempest,tempest,z,4,1.0315812856589237,0.9997189355858269,0.0034109589033164,0.0003972357448102
