method,step_label,function,n_levels,fit_order,fit_r2,error_coarsest,error_finest
tempest,tempest,smooth1,3,1.0478489669158724,0.9996659821218256,0.0005323142161822,0.0001245374946943
tempest,tempest,smooth2,3,0.9888002826614707,0.9999179740639361,0.0006217600354598,0.0001578722192809
tempest,tempest,x,3,1.00817594629555,0.9999951810785368,0.0018555148865448,0.0004586506797544
tempest,tempest,y,3,1.00817594629555,0.9999951810785368,0.0018555148865448,0.0004586506797544
tempest,tempest,z,3,1.0315586132808952,0.9999771002781049,0.002108774942306,0.000504626510782
