method,step_label,function,n_levels,fit_order,fit_r2,error_coarsest,error_finest
tempest,tempest,smooth1,3,1.0280891017729579,0.9999491493976278,0.0019251380572921,0.0004629036058523
tempest,tempest,smooth2,3,1.0085651141537835,0.9999962101190042,0.002109368058414,0.0005211175044289
tempest,tempest,x,3,1.0171532600767725,0.9999802311365482,0.0067772301657829,0.0016544930695486
tempest,tempest,y,3,1.0171532600767725,0.9999802311365482,0.0067772301657829,0.0016544930695486
tempest,tempest,z,3,1.0250017933315991,0.9999481183312038,0.0049175391024916,0.0011875044647598
