method,step_label,function,n_levels,fit_order,fit_r2,error_coarsest,error_finest
tempest,tempest,smooth1,4,1.0148453895194867,0.9999890633837005,0.0025195458843203,0.0003058161937162
tempest,tempest,smooth2,4,1.0130230209469613,0.999992365691898,0.0033907349981703,0.0004125432889994
tempest,tempest,x,4,1.0122182210388455,0.9999948649508228,0.0099282972477474,0.0012100044341562
tempest,tempest,y,4,1.0142726414129752,0.9999733970472545,0.0099792626307397,0.001210321317898
tempest,tempest,z,4,1.015669978093436,0.999937259167206,0.0098478611833271,0.0011894461072794
